{
    "menu": [
        {
            "id": 1,
            "coffe": "Bryggkaffe",
            "description": "Bryggd på månadens bönor",
            "price": 49
        },

        {
            "id": 2,
            "coffe": "Caffè Doppio",
            "description": "Bryggd på månadens bönor",
            "price": 49
        },

        {
            "id": 3,
            "coffe": "Cappuccino",
            "description": "Bryggd på månadens bönor",
            "price": 49
        },

        {
            "id": 4,
            "coffe": "Latte Macchiato",
            "description": "Bryggd på månadens bönor",
            "price": 49
        },

        {
            "id": 5,
            "coffe": "Kaffe Latte",
            "description": "Bryggd på månadens bönor",
            "price": 49
        },

        {
            "id": 6,
            "coffe": "Cortado",
            "description": "Bryggd på månadens bönor",
            "price": 39
        }



    ]

}
